period,zone,days,rt_value_usd,da_value_usd,rt_over_da,top1pct_price_threshold,share_value_in_top1pct_price_intervals,share_value_in_top1pct_contrib_intervals,share_value_top10_days,share_value_top1pct_days,median_day_value,da_share_value_top1pct_hours,value_if_unavailable_top1pct,lost_share_if_unavailable_top1pct
CY2024,LZ_AEN,366,919.08,809.29,1.14,202.21,0.536,0.574,0.351,0.224,1.207,0.455,496.27,0.46
CY2024,LZ_CPS,366,876.86,817.58,1.07,182.5,0.515,0.548,0.331,0.222,1.18,0.472,492.91,0.438
CY2024,LZ_HOUSTON,366,792.47,712.59,1.11,139.11,0.525,0.545,0.345,0.232,1.125,0.478,435.77,0.45
CY2024,LZ_LCRA,366,947.36,868.29,1.09,228.68,0.521,0.562,0.327,0.202,1.234,0.463,529.81,0.441
CY2024,LZ_NORTH,366,832.78,749.04,1.11,148.32,0.511,0.538,0.342,0.229,1.176,0.468,462.5,0.445
CY2024,LZ_RAYBN,366,823.62,741.06,1.11,141.1,0.513,0.538,0.343,0.231,1.178,0.473,455.42,0.447
CY2024,LZ_SOUTH,366,960.23,753.9,1.27,224.52,0.51,0.548,0.329,0.214,1.266,0.441,557.31,0.42
CY2024,LZ_WEST,366,1194.99,979.77,1.22,210.09,0.416,0.43,0.246,0.16,2.182,0.389,793.81,0.336
CY2025,LZ_AEN,365,835.1,666.27,1.25,176.27,0.346,0.389,0.2,0.114,1.532,0.289,622.79,0.254
CY2025,LZ_CPS,365,801.37,686.01,1.17,174.88,0.322,0.37,0.179,0.108,1.51,0.297,614.57,0.233
CY2025,LZ_HOUSTON,365,652.54,549.03,1.19,131.1,0.337,0.351,0.161,0.1,1.282,0.294,506.34,0.224
CY2025,LZ_LCRA,365,923.76,738.92,1.25,201.13,0.386,0.435,0.241,0.144,1.524,0.312,647.01,0.3
CY2025,LZ_NORTH,365,736.34,603.33,1.22,149.22,0.341,0.372,0.192,0.132,1.394,0.296,561.21,0.238
CY2025,LZ_RAYBN,365,730.86,599.15,1.22,149.89,0.345,0.372,0.19,0.13,1.366,0.299,555.57,0.24
CY2025,LZ_SOUTH,365,688.64,514.84,1.34,146.89,0.328,0.372,0.187,0.121,1.293,0.279,533.98,0.225
CY2025,LZ_WEST,365,978.76,786.2,1.24,189.84,0.265,0.314,0.156,0.095,2.16,0.239,800.77,0.182
YTD2026,LZ_AEN,262,482.15,426.63,1.13,208.49,0.381,0.477,0.312,0.129,1.139,0.339,346.16,0.282
YTD2026,LZ_CPS,262,492.65,467.55,1.05,204.43,0.392,0.483,0.318,0.146,1.133,0.368,348.01,0.294
YTD2026,LZ_HOUSTON,262,430.03,370.26,1.16,172.1,0.369,0.443,0.261,0.115,1.049,0.34,320.46,0.255
YTD2026,LZ_LCRA,262,496.29,432.41,1.15,229.36,0.392,0.488,0.317,0.133,1.12,0.333,358.7,0.277
YTD2026,LZ_NORTH,262,577.84,445.14,1.3,229.78,0.444,0.51,0.332,0.135,1.191,0.323,390.81,0.324
YTD2026,LZ_RAYBN,262,592.12,446.62,1.33,229.7,0.453,0.522,0.353,0.149,1.174,0.321,390.49,0.341
YTD2026,LZ_SOUTH,262,435.86,344.11,1.27,198.63,0.38,0.468,0.294,0.12,1.003,0.313,323.19,0.258
YTD2026,LZ_WEST,262,616.08,514.8,1.2,215.45,0.368,0.428,0.274,0.118,1.523,0.296,450.03,0.27
PRE_matched,LZ_AEN,289,590.36,502.16,1.18,142.19,0.356,0.366,0.206,0.11,1.416,0.322,443.81,0.248
PRE_matched,LZ_CPS,289,587.24,525.93,1.12,146.39,0.353,0.361,0.19,0.106,1.446,0.331,446.0,0.241
PRE_matched,LZ_HOUSTON,289,520.51,432.26,1.2,132.43,0.362,0.379,0.2,0.11,1.241,0.326,391.57,0.248
PRE_matched,LZ_LCRA,289,689.44,559.9,1.23,164.78,0.41,0.444,0.287,0.161,1.437,0.343,462.91,0.329
PRE_matched,LZ_NORTH,289,574.6,473.74,1.21,142.02,0.371,0.401,0.243,0.139,1.3,0.326,417.25,0.274
PRE_matched,LZ_RAYBN,289,578.31,473.57,1.22,144.71,0.372,0.402,0.236,0.144,1.284,0.326,419.45,0.275
PRE_matched,LZ_SOUTH,289,525.9,391.42,1.34,134.55,0.345,0.385,0.226,0.138,1.227,0.305,393.09,0.253
PRE_matched,LZ_WEST,289,777.35,627.18,1.24,171.01,0.268,0.317,0.185,0.104,2.168,0.251,627.4,0.193
POST_RTCB,LZ_AEN,289,532.64,459.33,1.16,218.39,0.387,0.479,0.296,0.117,1.123,0.335,384.3,0.279
POST_RTCB,LZ_CPS,289,550.73,505.41,1.09,217.98,0.398,0.49,0.309,0.131,1.119,0.36,387.42,0.297
POST_RTCB,LZ_HOUSTON,289,458.94,394.47,1.16,166.13,0.359,0.434,0.244,0.108,1.03,0.329,345.0,0.248
POST_RTCB,LZ_LCRA,289,546.0,465.14,1.17,235.12,0.393,0.489,0.294,0.121,1.108,0.334,399.37,0.269
POST_RTCB,LZ_NORTH,289,619.78,475.0,1.3,221.76,0.437,0.501,0.309,0.125,1.173,0.321,424.11,0.316
POST_RTCB,LZ_RAYBN,289,633.19,475.61,1.33,219.97,0.442,0.512,0.33,0.139,1.169,0.326,423.56,0.331
POST_RTCB,LZ_SOUTH,289,474.11,371.2,1.28,199.34,0.378,0.464,0.271,0.11,0.988,0.3,355.96,0.249
POST_RTCB,LZ_WEST,289,688.77,562.13,1.23,228.76,0.354,0.422,0.253,0.106,1.544,0.288,510.27,0.259
