period,zone,hours,mean_da,mean_rt,mean_spread_rt_minus_da,median_spread,mean_abs_spread,std_spread,p01,p99,pct_hours_abs_gt_20,pct_hours_rt_gt_da_plus_100,corr_da_rt,share_abs_spread_from_top1pct_hours,median_spread_excl_top1pct
CY2024,LZ_AEN,8784,30.88,29.31,-1.57,-1.16,13.97,67.8,-82.28,90.73,11.51,0.96,0.574,0.347,-2.3
CY2024,LZ_CPS,8784,31.02,28.94,-2.08,-1.37,13.13,63.59,-76.28,78.47,10.76,0.79,0.602,0.332,-1.92
CY2024,LZ_HOUSTON,8784,28.47,27.2,-1.27,-0.62,12.14,59.27,-76.18,73.66,9.61,0.79,0.598,0.339,-1.3
CY2024,LZ_LCRA,8784,31.7,29.72,-1.98,-1.3,14.53,66.93,-93.62,113.22,12.0,1.06,0.594,0.333,-2.27
CY2024,LZ_NORTH,8784,27.57,26.41,-1.16,-0.69,12.59,60.93,-77.55,73.57,10.12,0.69,0.608,0.334,-1.16
CY2024,LZ_RAYBN,8784,27.45,26.23,-1.22,-0.68,12.66,61.45,-78.54,70.64,10.2,0.67,0.594,0.335,-1.16
CY2024,LZ_SOUTH,8784,30.23,30.43,0.2,-1.09,14.3,65.35,-75.87,112.39,11.93,1.09,0.595,0.334,-1.12
CY2024,LZ_WEST,8784,36.92,35.71,-1.21,-2.42,18.51,64.12,-89.74,107.96,21.84,1.06,0.618,0.238,-1.47
CY2025,LZ_AEN,8760,36.94,35.93,-1.01,-2.46,12.94,40.23,-64.85,80.98,13.55,0.78,0.532,0.217,-2.25
CY2025,LZ_CPS,8760,37.09,35.54,-1.54,-2.35,12.47,38.88,-64.59,73.77,13.16,0.65,0.524,0.205,-2.41
CY2025,LZ_HOUSTON,8760,34.57,33.19,-1.37,-2.06,10.4,31.5,-48.65,62.75,10.78,0.38,0.483,0.178,-1.83
CY2025,LZ_LCRA,8760,38.17,37.46,-0.7,-2.6,14.65,56.46,-80.35,97.47,14.09,0.96,0.469,0.263,-2.71
CY2025,LZ_NORTH,8760,33.4,32.66,-0.74,-2.2,11.6,41.9,-54.54,70.27,11.69,0.51,0.431,0.212,-1.71
CY2025,LZ_RAYBN,8760,33.68,32.71,-0.97,-2.27,11.83,42.55,-55.5,71.05,12.33,0.54,0.414,0.201,-1.79
CY2025,LZ_SOUTH,8760,33.33,33.5,0.17,-1.93,11.27,38.4,-43.35,72.73,11.2,0.57,0.443,0.209,-1.26
CY2025,LZ_WEST,8760,42.72,42.18,-0.54,-2.78,15.89,42.65,-65.37,82.51,21.71,0.81,0.529,0.168,-1.83
YTD2026,LZ_AEN,6287,38.41,33.74,-4.67,-1.46,14.29,68.05,-95.98,67.6,10.56,0.64,0.621,0.371,-1.4
YTD2026,LZ_CPS,6287,38.51,33.36,-5.15,-1.57,14.46,74.03,-118.92,63.54,10.48,0.57,0.656,0.382,-1.54
YTD2026,LZ_HOUSTON,6287,35.89,33.42,-2.47,-0.92,12.28,55.47,-76.64,67.64,9.21,0.62,0.477,0.337,-0.62
YTD2026,LZ_LCRA,6287,37.84,34.01,-3.84,-1.5,13.97,61.64,-90.08,77.53,10.67,0.76,0.662,0.339,-1.37
YTD2026,LZ_NORTH,6287,35.92,33.9,-2.03,-1.2,14.76,65.54,-94.31,105.08,10.8,1.08,0.576,0.346,-0.64
YTD2026,LZ_RAYBN,6287,36.27,34.11,-2.16,-1.39,15.31,67.89,-99.99,107.63,11.17,1.1,0.545,0.347,-0.96
YTD2026,LZ_SOUTH,6287,33.4,31.98,-1.43,-1.11,11.79,48.8,-69.56,79.86,9.0,0.78,0.534,0.307,-0.65
YTD2026,LZ_WEST,6287,35.37,32.45,-2.92,-1.29,15.5,65.17,-93.36,75.79,13.07,0.76,0.643,0.319,-0.55
PRE_matched,LZ_AEN,6935,35.02,32.91,-2.11,-2.33,11.83,36.77,-74.53,65.42,12.37,0.48,0.517,0.199,-2.3
PRE_matched,LZ_CPS,6935,35.32,32.93,-2.39,-2.26,11.89,39.14,-68.69,64.09,12.46,0.42,0.474,0.202,-2.47
PRE_matched,LZ_HOUSTON,6935,34.11,32.6,-1.52,-2.06,10.98,34.98,-55.87,65.83,11.36,0.43,0.444,0.196,-2.02
PRE_matched,LZ_LCRA,6935,36.29,35.16,-1.13,-2.46,14.25,59.85,-86.77,77.88,13.09,0.72,0.435,0.283,-2.69
PRE_matched,LZ_NORTH,6935,32.78,31.76,-1.02,-2.24,12.13,46.33,-61.23,67.57,11.93,0.5,0.387,0.232,-2.01
PRE_matched,LZ_RAYBN,6935,33.09,31.86,-1.23,-2.32,12.37,47.1,-61.4,68.99,12.55,0.56,0.376,0.221,-2.15
PRE_matched,LZ_SOUTH,6935,31.69,31.63,-0.06,-1.73,11.1,41.5,-45.66,66.62,10.31,0.45,0.389,0.23,-1.45
PRE_matched,LZ_WEST,6935,42.39,41.68,-0.71,-2.57,16.14,45.68,-73.33,76.3,21.98,0.74,0.492,0.175,-1.83
POST_RTCB,LZ_AEN,6935,37.78,33.71,-4.07,-1.57,14.12,65.71,-85.69,73.42,10.5,0.76,0.606,0.36,-1.38
POST_RTCB,LZ_CPS,6935,38.06,33.59,-4.47,-1.76,14.49,71.9,-92.85,74.78,10.63,0.72,0.63,0.372,-1.74
POST_RTCB,LZ_HOUSTON,6935,35.16,32.93,-2.23,-0.98,11.78,52.91,-68.34,63.62,8.81,0.56,0.48,0.331,-0.44
POST_RTCB,LZ_LCRA,6935,37.26,33.93,-3.33,-1.63,13.81,59.63,-80.99,88.37,10.58,0.88,0.648,0.33,-1.37
POST_RTCB,LZ_NORTH,6935,35.34,33.62,-1.72,-1.25,14.34,62.75,-84.57,104.91,10.73,1.07,0.574,0.338,-0.56
POST_RTCB,LZ_RAYBN,6935,35.74,33.9,-1.84,-1.42,14.82,64.93,-92.41,105.29,11.12,1.05,0.545,0.339,-0.85
POST_RTCB,LZ_SOUTH,6935,33.1,31.87,-1.23,-1.21,11.65,46.97,-57.0,85.57,9.01,0.84,0.53,0.296,-0.66
POST_RTCB,LZ_WEST,6935,35.57,33.33,-2.24,-1.39,15.7,63.26,-81.81,85.76,14.2,0.89,0.63,0.304,-0.39
