sp,mon,POST_RTCB,PRE_matched
LZ_AEN,1,-37.19,-1.93
LZ_AEN,2,-0.12,-0.62
LZ_AEN,3,1.26,-3.43
LZ_AEN,4,1.07,-1.81
LZ_AEN,5,-2.72,-1.68
LZ_AEN,6,0.69,-3.51
LZ_AEN,7,-3.69,-1.81
LZ_AEN,8,0.57,-4.17
LZ_AEN,9,1.22,5.6
LZ_AEN,10,,-0.86
LZ_AEN,11,,-0.84
LZ_AEN,12,1.73,1.33
LZ_CPS,1,-40.22,-1.41
LZ_CPS,2,0.03,-3.51
LZ_CPS,3,0.58,-3.49
LZ_CPS,4,0.14,-2.23
LZ_CPS,5,-2.76,0.3
LZ_CPS,6,0.73,-3.33
LZ_CPS,7,-3.36,-2.58
LZ_CPS,8,1.4,-5.66
LZ_CPS,9,-0.04,-0.95
LZ_CPS,10,,0.19
LZ_CPS,11,,-0.73
LZ_CPS,12,2.15,2.42
LZ_HOUSTON,1,-26.35,-0.37
LZ_HOUSTON,2,1.51,-0.89
LZ_HOUSTON,3,1.75,-3.35
LZ_HOUSTON,4,1.79,-1.5
LZ_HOUSTON,5,-1.36,0.8
LZ_HOUSTON,6,1.54,-2.65
LZ_HOUSTON,7,-2.12,-2.15
LZ_HOUSTON,8,1.88,-3.81
LZ_HOUSTON,9,1.16,-0.6
LZ_HOUSTON,10,,-0.13
LZ_HOUSTON,11,,-1.36
LZ_HOUSTON,12,0.16,-0.66
LZ_LCRA,1,-31.91,-1.51
LZ_LCRA,2,0.02,10.57
LZ_LCRA,3,1.12,-7.19
LZ_LCRA,4,1.5,-0.12
LZ_LCRA,5,-2.52,-0.81
LZ_LCRA,6,0.87,-3.23
LZ_LCRA,7,-1.94,-1.74
LZ_LCRA,8,2.51,-4.07
LZ_LCRA,9,-3.24,2.35
LZ_LCRA,10,,-3.64
LZ_LCRA,11,,-1.05
LZ_LCRA,12,1.55,1.15
LZ_NORTH,1,-28.39,1.8
LZ_NORTH,2,0.76,1.77
LZ_NORTH,3,0.41,-2.96
LZ_NORTH,4,3.89,0.04
LZ_NORTH,5,-0.71,-0.2
LZ_NORTH,6,1.04,-2.76
LZ_NORTH,7,-2.18,-2.8
LZ_NORTH,8,3.12,-4.37
LZ_NORTH,9,8.4,0.41
LZ_NORTH,10,,-0.17
LZ_NORTH,11,,-1.31
LZ_NORTH,12,1.21,0.83
LZ_RAYBN,1,-28.01,1.78
LZ_RAYBN,2,0.53,0.07
LZ_RAYBN,3,-0.03,-2.88
LZ_RAYBN,4,2.62,-0.23
LZ_RAYBN,5,-1.15,-0.51
LZ_RAYBN,6,0.7,-2.31
LZ_RAYBN,7,-2.98,-3.06
LZ_RAYBN,8,3.07,-4.42
LZ_RAYBN,9,11.67,0.33
LZ_RAYBN,10,,-0.53
LZ_RAYBN,11,,-1.5
LZ_RAYBN,12,1.22,0.66
LZ_SOUTH,1,-20.26,1.82
LZ_SOUTH,2,0.6,8.76
LZ_SOUTH,3,1.7,-4.17
LZ_SOUTH,4,1.79,-1.62
LZ_SOUTH,5,1.16,-1.54
LZ_SOUTH,6,1.47,-0.92
LZ_SOUTH,7,-1.06,0.08
LZ_SOUTH,8,2.51,-2.39
LZ_SOUTH,9,0.32,0.06
LZ_SOUTH,10,,-0.17
LZ_SOUTH,11,,0.82
LZ_SOUTH,12,0.65,2.15
LZ_WEST,1,-31.48,4.99
LZ_WEST,2,1.14,-0.58
LZ_WEST,3,1.37,-4.42
LZ_WEST,4,1.12,-0.92
LZ_WEST,5,-0.11,1.44
LZ_WEST,6,1.29,-2.71
LZ_WEST,7,-2.38,-2.11
LZ_WEST,8,3.33,-3.23
LZ_WEST,9,1.97,-0.66
LZ_WEST,10,,-1.12
LZ_WEST,11,,-3.16
LZ_WEST,12,4.33,4.02
