reg,sp,hour,mean,median
POST_RTCB,LZ_AEN,1,-4.22,-0.92
POST_RTCB,LZ_AEN,2,-3.14,-0.75
POST_RTCB,LZ_AEN,3,-3.1,-0.41
POST_RTCB,LZ_AEN,4,-3.06,-0.77
POST_RTCB,LZ_AEN,5,-4.38,-0.65
POST_RTCB,LZ_AEN,6,-7.57,-1.1
POST_RTCB,LZ_AEN,7,-6.75,-1.23
POST_RTCB,LZ_AEN,8,-6.08,-1.62
POST_RTCB,LZ_AEN,9,-8.08,-1.16
POST_RTCB,LZ_AEN,10,-4.34,-0.74
POST_RTCB,LZ_AEN,11,-3.92,-1.09
POST_RTCB,LZ_AEN,12,-3.6,-1.95
POST_RTCB,LZ_AEN,13,-3.57,-1.98
POST_RTCB,LZ_AEN,14,-3.01,-2.17
POST_RTCB,LZ_AEN,15,-2.76,-1.91
POST_RTCB,LZ_AEN,16,-3.04,-3.62
POST_RTCB,LZ_AEN,17,-4.36,-3.1
POST_RTCB,LZ_AEN,18,-2.58,-3.02
POST_RTCB,LZ_AEN,19,-4.64,-3.68
POST_RTCB,LZ_AEN,20,-5.08,-4.84
POST_RTCB,LZ_AEN,21,-1.34,-5.03
POST_RTCB,LZ_AEN,22,0.97,-4.45
POST_RTCB,LZ_AEN,23,-5.64,-3.48
POST_RTCB,LZ_AEN,24,-4.35,-1.47
POST_RTCB,LZ_CPS,1,-4.22,-1.2
POST_RTCB,LZ_CPS,2,-3.1,-0.87
POST_RTCB,LZ_CPS,3,-3.27,-0.44
POST_RTCB,LZ_CPS,4,-4.51,-0.84
POST_RTCB,LZ_CPS,5,-5.67,-1.01
POST_RTCB,LZ_CPS,6,-9.2,-1.43
POST_RTCB,LZ_CPS,7,-7.49,-1.16
POST_RTCB,LZ_CPS,8,-6.95,-1.55
POST_RTCB,LZ_CPS,9,-9.24,-1.11
POST_RTCB,LZ_CPS,10,-4.11,-0.81
POST_RTCB,LZ_CPS,11,-3.82,-1.25
POST_RTCB,LZ_CPS,12,-3.03,-1.7
POST_RTCB,LZ_CPS,13,-2.92,-1.6
POST_RTCB,LZ_CPS,14,-2.95,-2.08
POST_RTCB,LZ_CPS,15,-2.06,-2.52
POST_RTCB,LZ_CPS,16,-2.1,-3.41
POST_RTCB,LZ_CPS,17,-3.46,-3.59
POST_RTCB,LZ_CPS,18,-3.46,-3.2
POST_RTCB,LZ_CPS,19,-5.23,-3.7
POST_RTCB,LZ_CPS,20,-7.4,-5.16
POST_RTCB,LZ_CPS,21,-2.23,-5.22
POST_RTCB,LZ_CPS,22,0.84,-4.4
POST_RTCB,LZ_CPS,23,-6.58,-3.67
POST_RTCB,LZ_CPS,24,-5.07,-1.87
POST_RTCB,LZ_HOUSTON,1,-2.3,-0.86
POST_RTCB,LZ_HOUSTON,2,-1.21,-0.57
POST_RTCB,LZ_HOUSTON,3,-1.3,-0.18
POST_RTCB,LZ_HOUSTON,4,-2.12,-0.07
POST_RTCB,LZ_HOUSTON,5,-2.93,-0.27
POST_RTCB,LZ_HOUSTON,6,-6.34,-1.05
POST_RTCB,LZ_HOUSTON,7,-3.28,-0.44
POST_RTCB,LZ_HOUSTON,8,-3.32,-1.32
POST_RTCB,LZ_HOUSTON,9,-5.49,-0.73
POST_RTCB,LZ_HOUSTON,10,-1.85,0.18
POST_RTCB,LZ_HOUSTON,11,-1.75,-0.38
POST_RTCB,LZ_HOUSTON,12,-1.18,-0.69
POST_RTCB,LZ_HOUSTON,13,-0.87,-0.77
POST_RTCB,LZ_HOUSTON,14,-0.54,-0.41
POST_RTCB,LZ_HOUSTON,15,0.13,-0.61
POST_RTCB,LZ_HOUSTON,16,-0.28,-1.25
POST_RTCB,LZ_HOUSTON,17,-1.23,-1.79
POST_RTCB,LZ_HOUSTON,18,-1.83,-2.52
POST_RTCB,LZ_HOUSTON,19,-2.54,-2.38
POST_RTCB,LZ_HOUSTON,20,-2.89,-4.34
POST_RTCB,LZ_HOUSTON,21,-0.45,-4.05
POST_RTCB,LZ_HOUSTON,22,0.19,-3.9
POST_RTCB,LZ_HOUSTON,23,-5.78,-2.69
POST_RTCB,LZ_HOUSTON,24,-4.29,-1.13
POST_RTCB,LZ_LCRA,1,-3.51,-1.07
POST_RTCB,LZ_LCRA,2,-2.44,-0.73
POST_RTCB,LZ_LCRA,3,-2.41,-0.31
POST_RTCB,LZ_LCRA,4,-2.99,-0.64
POST_RTCB,LZ_LCRA,5,-4.09,-0.68
POST_RTCB,LZ_LCRA,6,-7.25,-1.22
POST_RTCB,LZ_LCRA,7,-5.05,-1.18
POST_RTCB,LZ_LCRA,8,-4.01,-1.64
POST_RTCB,LZ_LCRA,9,-7.01,-1.08
POST_RTCB,LZ_LCRA,10,-3.59,-0.84
POST_RTCB,LZ_LCRA,11,-3.47,-1.12
POST_RTCB,LZ_LCRA,12,-3.31,-1.85
POST_RTCB,LZ_LCRA,13,-3.38,-1.88
POST_RTCB,LZ_LCRA,14,-2.46,-2.15
POST_RTCB,LZ_LCRA,15,-1.94,-2.36
POST_RTCB,LZ_LCRA,16,-2.49,-3.53
POST_RTCB,LZ_LCRA,17,-3.61,-3.29
POST_RTCB,LZ_LCRA,18,-2.27,-2.84
POST_RTCB,LZ_LCRA,19,-2.73,-3.16
POST_RTCB,LZ_LCRA,20,-3.44,-4.84
POST_RTCB,LZ_LCRA,21,-0.3,-5.01
POST_RTCB,LZ_LCRA,22,1.55,-4.47
POST_RTCB,LZ_LCRA,23,-5.51,-3.41
POST_RTCB,LZ_LCRA,24,-4.23,-1.62
POST_RTCB,LZ_NORTH,1,-3.06,-1.22
POST_RTCB,LZ_NORTH,2,-1.9,-0.94
POST_RTCB,LZ_NORTH,3,-2.08,-0.48
POST_RTCB,LZ_NORTH,4,-2.75,-0.51
POST_RTCB,LZ_NORTH,5,-3.67,-0.81
POST_RTCB,LZ_NORTH,6,-8.18,-1.38
POST_RTCB,LZ_NORTH,7,-5.31,-0.98
POST_RTCB,LZ_NORTH,8,-3.33,-1.46
POST_RTCB,LZ_NORTH,9,-7.03,-0.7
POST_RTCB,LZ_NORTH,10,-2.8,-0.08
POST_RTCB,LZ_NORTH,11,-2.39,-0.15
POST_RTCB,LZ_NORTH,12,-2.27,-1.12
POST_RTCB,LZ_NORTH,13,-2.17,-0.86
POST_RTCB,LZ_NORTH,14,-1.69,-0.9
POST_RTCB,LZ_NORTH,15,-0.65,-1.33
POST_RTCB,LZ_NORTH,16,0.22,-1.78
POST_RTCB,LZ_NORTH,17,0.77,-1.91
POST_RTCB,LZ_NORTH,18,0.24,-1.78
POST_RTCB,LZ_NORTH,19,4.94,-2.01
POST_RTCB,LZ_NORTH,20,3.75,-5.21
POST_RTCB,LZ_NORTH,21,5.34,-5.23
POST_RTCB,LZ_NORTH,22,3.49,-3.84
POST_RTCB,LZ_NORTH,23,-6.04,-2.98
POST_RTCB,LZ_NORTH,24,-4.81,-1.6
POST_RTCB,LZ_RAYBN,1,-3.42,-1.49
POST_RTCB,LZ_RAYBN,2,-2.26,-1.04
POST_RTCB,LZ_RAYBN,3,-2.41,-0.59
POST_RTCB,LZ_RAYBN,4,-3.03,-0.68
POST_RTCB,LZ_RAYBN,5,-3.84,-0.89
POST_RTCB,LZ_RAYBN,6,-8.24,-1.34
POST_RTCB,LZ_RAYBN,7,-5.27,-0.95
POST_RTCB,LZ_RAYBN,8,-3.23,-1.51
POST_RTCB,LZ_RAYBN,9,-6.98,-0.69
POST_RTCB,LZ_RAYBN,10,-2.52,-0.07
POST_RTCB,LZ_RAYBN,11,-2.45,-0.3
POST_RTCB,LZ_RAYBN,12,-2.51,-1.29
POST_RTCB,LZ_RAYBN,13,-3.37,-1.22
POST_RTCB,LZ_RAYBN,14,-2.07,-1.23
POST_RTCB,LZ_RAYBN,15,-1.26,-1.47
POST_RTCB,LZ_RAYBN,16,-0.17,-2.24
POST_RTCB,LZ_RAYBN,17,0.87,-1.85
POST_RTCB,LZ_RAYBN,18,-0.32,-2.34
POST_RTCB,LZ_RAYBN,19,5.88,-2.58
POST_RTCB,LZ_RAYBN,20,5.29,-5.33
POST_RTCB,LZ_RAYBN,21,5.36,-5.93
POST_RTCB,LZ_RAYBN,22,3.26,-4.18
POST_RTCB,LZ_RAYBN,23,-6.45,-3.33
POST_RTCB,LZ_RAYBN,24,-5.08,-1.94
POST_RTCB,LZ_SOUTH,1,-1.87,-0.56
POST_RTCB,LZ_SOUTH,2,-1.04,-0.44
POST_RTCB,LZ_SOUTH,3,-1.05,-0.28
POST_RTCB,LZ_SOUTH,4,-1.46,-0.66
POST_RTCB,LZ_SOUTH,5,-2.18,-0.58
POST_RTCB,LZ_SOUTH,6,-4.92,-0.96
POST_RTCB,LZ_SOUTH,7,-2.57,-0.87
POST_RTCB,LZ_SOUTH,8,-2.72,-1.38
POST_RTCB,LZ_SOUTH,9,-5.99,-0.77
POST_RTCB,LZ_SOUTH,10,-2.04,-0.05
POST_RTCB,LZ_SOUTH,11,-1.77,-0.55
POST_RTCB,LZ_SOUTH,12,-1.53,-1.67
POST_RTCB,LZ_SOUTH,13,-0.69,-1.92
POST_RTCB,LZ_SOUTH,14,-0.38,-1.65
POST_RTCB,LZ_SOUTH,15,0.63,-1.11
POST_RTCB,LZ_SOUTH,16,0.6,-2.05
POST_RTCB,LZ_SOUTH,17,0.68,-1.9
POST_RTCB,LZ_SOUTH,18,0.5,-2.17
POST_RTCB,LZ_SOUTH,19,0.45,-1.56
POST_RTCB,LZ_SOUTH,20,-0.71,-3.21
POST_RTCB,LZ_SOUTH,21,1.55,-3.44
POST_RTCB,LZ_SOUTH,22,2.23,-3.94
POST_RTCB,LZ_SOUTH,23,-2.7,-2.75
POST_RTCB,LZ_SOUTH,24,-2.59,-0.8
POST_RTCB,LZ_WEST,1,-2.44,-2.24
POST_RTCB,LZ_WEST,2,-0.71,-0.91
POST_RTCB,LZ_WEST,3,-1.15,-0.42
POST_RTCB,LZ_WEST,4,-1.55,-0.43
POST_RTCB,LZ_WEST,5,-3.27,-0.44
POST_RTCB,LZ_WEST,6,-7.12,-1.1
POST_RTCB,LZ_WEST,7,-5.21,-2.43
POST_RTCB,LZ_WEST,8,-3.26,-2.35
POST_RTCB,LZ_WEST,9,-6.38,-0.73
POST_RTCB,LZ_WEST,10,-2.5,-0.68
POST_RTCB,LZ_WEST,11,-2.22,-0.42
POST_RTCB,LZ_WEST,12,-2.04,-0.67
POST_RTCB,LZ_WEST,13,-2.02,-0.68
POST_RTCB,LZ_WEST,14,-1.63,-0.66
POST_RTCB,LZ_WEST,15,-0.48,-0.38
POST_RTCB,LZ_WEST,16,-0.74,-1.19
POST_RTCB,LZ_WEST,17,-0.79,-1.63
POST_RTCB,LZ_WEST,18,-0.3,-1.05
POST_RTCB,LZ_WEST,19,-0.4,-1.46
POST_RTCB,LZ_WEST,20,-2.19,-4.93
POST_RTCB,LZ_WEST,21,1.5,-5.08
POST_RTCB,LZ_WEST,22,1.54,-5.98
POST_RTCB,LZ_WEST,23,-5.61,-4.6
POST_RTCB,LZ_WEST,24,-4.89,-3.05
PRE_matched,LZ_AEN,1,-0.4,-1.24
PRE_matched,LZ_AEN,2,-0.28,-0.85
PRE_matched,LZ_AEN,3,0.07,-0.61
PRE_matched,LZ_AEN,4,-0.18,-0.87
PRE_matched,LZ_AEN,5,-0.0,-0.89
PRE_matched,LZ_AEN,6,-0.14,-1.38
PRE_matched,LZ_AEN,7,1.91,-1.55
PRE_matched,LZ_AEN,8,-2.09,-1.95
PRE_matched,LZ_AEN,9,-3.05,-2.01
PRE_matched,LZ_AEN,10,-1.78,-1.17
PRE_matched,LZ_AEN,11,0.06,-1.59
PRE_matched,LZ_AEN,12,-1.35,-2.32
PRE_matched,LZ_AEN,13,-2.01,-2.98
PRE_matched,LZ_AEN,14,-2.68,-3.56
PRE_matched,LZ_AEN,15,-2.68,-4.27
PRE_matched,LZ_AEN,16,-1.28,-5.17
PRE_matched,LZ_AEN,17,-1.02,-6.37
PRE_matched,LZ_AEN,18,-1.4,-7.65
PRE_matched,LZ_AEN,19,-1.62,-7.71
PRE_matched,LZ_AEN,20,-3.69,-7.77
PRE_matched,LZ_AEN,21,-5.55,-6.25
PRE_matched,LZ_AEN,22,2.24,-4.24
PRE_matched,LZ_AEN,23,-0.19,-3.0
PRE_matched,LZ_AEN,24,-0.7,-2.16
PRE_matched,LZ_CPS,1,-0.48,-1.11
PRE_matched,LZ_CPS,2,-0.35,-0.87
PRE_matched,LZ_CPS,3,0.01,-0.73
PRE_matched,LZ_CPS,4,-0.2,-0.75
PRE_matched,LZ_CPS,5,-0.11,-1.04
PRE_matched,LZ_CPS,6,-0.16,-1.49
PRE_matched,LZ_CPS,7,1.44,-1.81
PRE_matched,LZ_CPS,8,-2.5,-1.8
PRE_matched,LZ_CPS,9,-2.69,-2.17
PRE_matched,LZ_CPS,10,-1.63,-1.07
PRE_matched,LZ_CPS,11,-1.45,-1.3
PRE_matched,LZ_CPS,12,-1.26,-1.82
PRE_matched,LZ_CPS,13,-1.62,-2.33
PRE_matched,LZ_CPS,14,-2.28,-2.67
PRE_matched,LZ_CPS,15,-2.31,-3.58
PRE_matched,LZ_CPS,16,-2.03,-4.62
PRE_matched,LZ_CPS,17,-2.35,-5.11
PRE_matched,LZ_CPS,18,-3.05,-6.08
PRE_matched,LZ_CPS,19,-3.88,-7.23
PRE_matched,LZ_CPS,20,-6.44,-8.91
PRE_matched,LZ_CPS,21,-8.35,-6.56
PRE_matched,LZ_CPS,22,1.4,-3.87
PRE_matched,LZ_CPS,23,-0.43,-3.12
PRE_matched,LZ_CPS,24,-0.89,-2.21
PRE_matched,LZ_HOUSTON,1,-0.55,-1.18
PRE_matched,LZ_HOUSTON,2,-0.2,-0.87
PRE_matched,LZ_HOUSTON,3,0.2,-0.52
PRE_matched,LZ_HOUSTON,4,0.01,-0.58
PRE_matched,LZ_HOUSTON,5,0.08,-0.64
PRE_matched,LZ_HOUSTON,6,-0.12,-1.25
PRE_matched,LZ_HOUSTON,7,1.74,-1.58
PRE_matched,LZ_HOUSTON,8,-3.01,-1.98
PRE_matched,LZ_HOUSTON,9,-1.8,-1.85
PRE_matched,LZ_HOUSTON,10,-1.42,-1.25
PRE_matched,LZ_HOUSTON,11,-0.88,-1.0
PRE_matched,LZ_HOUSTON,12,-0.91,-1.72
PRE_matched,LZ_HOUSTON,13,-0.14,-2.18
PRE_matched,LZ_HOUSTON,14,-1.5,-3.41
PRE_matched,LZ_HOUSTON,15,-2.78,-3.45
PRE_matched,LZ_HOUSTON,16,-2.48,-4.43
PRE_matched,LZ_HOUSTON,17,-3.6,-4.9
PRE_matched,LZ_HOUSTON,18,-2.62,-5.13
PRE_matched,LZ_HOUSTON,19,-3.11,-6.15
PRE_matched,LZ_HOUSTON,20,-4.13,-7.0
PRE_matched,LZ_HOUSTON,21,-6.13,-5.48
PRE_matched,LZ_HOUSTON,22,1.31,-3.63
PRE_matched,LZ_HOUSTON,23,-0.47,-3.01
PRE_matched,LZ_HOUSTON,24,-0.85,-1.77
PRE_matched,LZ_LCRA,1,-0.78,-1.47
PRE_matched,LZ_LCRA,2,-0.57,-0.91
PRE_matched,LZ_LCRA,3,-0.16,-0.79
PRE_matched,LZ_LCRA,4,-0.25,-0.99
PRE_matched,LZ_LCRA,5,0.67,-1.03
PRE_matched,LZ_LCRA,6,1.99,-1.45
PRE_matched,LZ_LCRA,7,6.02,-1.73
PRE_matched,LZ_LCRA,8,3.11,-2.07
PRE_matched,LZ_LCRA,9,2.71,-1.98
PRE_matched,LZ_LCRA,10,2.49,-1.26
PRE_matched,LZ_LCRA,11,-0.36,-1.34
PRE_matched,LZ_LCRA,12,-1.25,-2.3
PRE_matched,LZ_LCRA,13,-1.84,-2.69
PRE_matched,LZ_LCRA,14,-2.72,-3.42
PRE_matched,LZ_LCRA,15,-3.76,-4.75
PRE_matched,LZ_LCRA,16,-3.83,-5.66
PRE_matched,LZ_LCRA,17,-3.01,-6.3
PRE_matched,LZ_LCRA,18,-3.18,-7.55
PRE_matched,LZ_LCRA,19,-2.93,-8.13
PRE_matched,LZ_LCRA,20,-6.8,-7.62
PRE_matched,LZ_LCRA,21,-7.17,-6.71
PRE_matched,LZ_LCRA,22,1.87,-4.23
PRE_matched,LZ_LCRA,23,-0.33,-3.36
PRE_matched,LZ_LCRA,24,-0.79,-2.29
PRE_matched,LZ_NORTH,1,-0.53,-1.28
PRE_matched,LZ_NORTH,2,-0.31,-1.04
PRE_matched,LZ_NORTH,3,0.09,-0.65
PRE_matched,LZ_NORTH,4,-0.09,-0.81
PRE_matched,LZ_NORTH,5,0.2,-0.96
PRE_matched,LZ_NORTH,6,0.31,-1.3
PRE_matched,LZ_NORTH,7,3.82,-1.86
PRE_matched,LZ_NORTH,8,3.38,-2.17
PRE_matched,LZ_NORTH,9,-1.21,-1.65
PRE_matched,LZ_NORTH,10,-0.32,-0.81
PRE_matched,LZ_NORTH,11,-0.39,-0.87
PRE_matched,LZ_NORTH,12,-0.1,-1.37
PRE_matched,LZ_NORTH,13,-0.63,-1.89
PRE_matched,LZ_NORTH,14,-0.86,-2.48
PRE_matched,LZ_NORTH,15,-1.41,-3.31
PRE_matched,LZ_NORTH,16,-2.02,-3.98
PRE_matched,LZ_NORTH,17,-2.55,-4.09
PRE_matched,LZ_NORTH,18,-2.81,-6.1
PRE_matched,LZ_NORTH,19,-3.58,-7.28
PRE_matched,LZ_NORTH,20,-4.8,-8.79
PRE_matched,LZ_NORTH,21,-6.33,-6.2
PRE_matched,LZ_NORTH,22,1.77,-3.06
PRE_matched,LZ_NORTH,23,-0.69,-3.05
PRE_matched,LZ_NORTH,24,-0.86,-2.07
PRE_matched,LZ_RAYBN,1,-0.61,-1.28
PRE_matched,LZ_RAYBN,2,-0.32,-0.96
PRE_matched,LZ_RAYBN,3,0.08,-0.51
PRE_matched,LZ_RAYBN,4,-0.12,-0.91
PRE_matched,LZ_RAYBN,5,0.09,-0.99
PRE_matched,LZ_RAYBN,6,-0.08,-1.15
PRE_matched,LZ_RAYBN,7,3.7,-2.05
PRE_matched,LZ_RAYBN,8,3.53,-2.34
PRE_matched,LZ_RAYBN,9,-1.72,-1.55
PRE_matched,LZ_RAYBN,10,-0.81,-0.61
PRE_matched,LZ_RAYBN,11,-0.65,-1.11
PRE_matched,LZ_RAYBN,12,-0.16,-0.99
PRE_matched,LZ_RAYBN,13,-0.6,-1.76
PRE_matched,LZ_RAYBN,14,-1.11,-2.54
PRE_matched,LZ_RAYBN,15,-1.65,-3.39
PRE_matched,LZ_RAYBN,16,-2.2,-4.36
PRE_matched,LZ_RAYBN,17,-3.11,-4.64
PRE_matched,LZ_RAYBN,18,-3.34,-6.41
PRE_matched,LZ_RAYBN,19,-4.14,-7.67
PRE_matched,LZ_RAYBN,20,-5.31,-9.06
PRE_matched,LZ_RAYBN,21,-6.61,-6.27
PRE_matched,LZ_RAYBN,22,1.53,-3.1
PRE_matched,LZ_RAYBN,23,-0.88,-3.33
PRE_matched,LZ_RAYBN,24,-0.94,-2.42
PRE_matched,LZ_SOUTH,1,-0.0,-1.1
PRE_matched,LZ_SOUTH,2,0.1,-0.57
PRE_matched,LZ_SOUTH,3,0.57,-0.34
PRE_matched,LZ_SOUTH,4,0.4,-0.25
PRE_matched,LZ_SOUTH,5,0.95,-0.74
PRE_matched,LZ_SOUTH,6,2.44,-0.87
PRE_matched,LZ_SOUTH,7,5.72,-1.44
PRE_matched,LZ_SOUTH,8,3.05,-1.48
PRE_matched,LZ_SOUTH,9,2.35,-1.33
PRE_matched,LZ_SOUTH,10,2.46,-0.7
PRE_matched,LZ_SOUTH,11,0.54,-1.05
PRE_matched,LZ_SOUTH,12,-0.31,-1.65
PRE_matched,LZ_SOUTH,13,-0.64,-2.24
PRE_matched,LZ_SOUTH,14,-1.45,-2.8
PRE_matched,LZ_SOUTH,15,-2.01,-3.15
PRE_matched,LZ_SOUTH,16,-2.61,-3.75
PRE_matched,LZ_SOUTH,17,-2.39,-4.89
PRE_matched,LZ_SOUTH,18,-1.81,-5.22
PRE_matched,LZ_SOUTH,19,-1.34,-4.95
PRE_matched,LZ_SOUTH,20,-2.6,-4.91
PRE_matched,LZ_SOUTH,21,-3.11,-4.29
PRE_matched,LZ_SOUTH,22,3.73,-2.41
PRE_matched,LZ_SOUTH,23,0.45,-2.23
PRE_matched,LZ_SOUTH,24,-0.22,-1.35
PRE_matched,LZ_WEST,1,0.25,-0.84
PRE_matched,LZ_WEST,2,-0.08,-2.12
PRE_matched,LZ_WEST,3,0.47,-0.87
PRE_matched,LZ_WEST,4,0.94,-0.47
PRE_matched,LZ_WEST,5,2.03,-0.15
PRE_matched,LZ_WEST,6,1.48,-2.75
PRE_matched,LZ_WEST,7,1.61,-4.63
PRE_matched,LZ_WEST,8,-0.2,-5.22
PRE_matched,LZ_WEST,9,-1.32,-2.01
PRE_matched,LZ_WEST,10,-0.87,-1.0
PRE_matched,LZ_WEST,11,-1.23,-1.11
PRE_matched,LZ_WEST,12,-0.98,-1.71
PRE_matched,LZ_WEST,13,-1.12,-2.08
PRE_matched,LZ_WEST,14,-1.17,-2.73
PRE_matched,LZ_WEST,15,-0.97,-3.05
PRE_matched,LZ_WEST,16,-0.85,-2.83
PRE_matched,LZ_WEST,17,-1.24,-4.27
PRE_matched,LZ_WEST,18,-1.26,-5.55
PRE_matched,LZ_WEST,19,-1.71,-5.75
PRE_matched,LZ_WEST,20,-5.31,-6.83
PRE_matched,LZ_WEST,21,-7.55,-7.27
PRE_matched,LZ_WEST,22,1.52,-2.46
PRE_matched,LZ_WEST,23,0.57,-2.42
PRE_matched,LZ_WEST,24,0.34,-2.35
