set,year,zone,days,value_per_home_yr,median_day,share_top10_days,days_over_5usd,summer_eve_minus_midday,summer_eve_avg,summer_midday_avg
all days,2021,LZ_HOUSTON,365,1855.0,1.09,0.609,45,-1.7,42.7,44.5
all days,2021,LZ_NORTH,365,1762.0,1.11,0.627,40,-1.3,43.2,44.5
all days,2021,LZ_SOUTH,365,1725.0,1.18,0.6,41,-1.7,42.0,43.7
all days,2021,LZ_WEST,365,1851.0,1.3,0.597,47,0.5,43.0,42.5
all days,2022,LZ_HOUSTON,365,1934.0,1.72,0.393,64,17.7,116.9,99.2
all days,2022,LZ_NORTH,365,1575.0,1.52,0.452,44,29.6,119.1,89.5
all days,2022,LZ_SOUTH,365,1478.0,1.52,0.363,52,12.3,99.8,87.5
all days,2022,LZ_WEST,365,1913.0,2.14,0.372,67,35.0,120.7,85.7
all days,2023,LZ_HOUSTON,365,2282.0,1.41,0.483,50,203.1,255.9,52.8
all days,2023,LZ_NORTH,365,2277.0,1.31,0.49,47,216.4,266.0,49.5
all days,2023,LZ_SOUTH,365,1927.0,1.46,0.488,51,156.1,205.3,49.1
all days,2023,LZ_WEST,365,2818.0,2.65,0.391,78,225.6,272.9,47.3
all days,2024,LZ_HOUSTON,366,790.0,1.12,0.345,18,32.3,55.9,23.6
all days,2024,LZ_NORTH,366,831.0,1.18,0.342,20,36.9,58.9,22.1
all days,2024,LZ_SOUTH,366,958.0,1.27,0.329,27,32.5,61.1,28.6
all days,2024,LZ_WEST,366,1192.0,2.18,0.246,43,49.8,69.7,19.9
all days,2025,LZ_HOUSTON,365,653.0,1.28,0.161,13,30.1,57.4,27.3
all days,2025,LZ_NORTH,365,736.0,1.39,0.192,17,35.1,59.0,23.9
all days,2025,LZ_SOUTH,365,689.0,1.29,0.187,16,26.6,52.4,25.8
all days,2025,LZ_WEST,365,979.0,2.16,0.156,22,42.1,64.6,22.5
all days,2026,LZ_HOUSTON,262,599.0,1.05,0.261,15,25.0,54.8,29.7
all days,2026,LZ_NORTH,262,805.0,1.19,0.332,20,40.6,65.1,24.5
all days,2026,LZ_SOUTH,262,607.0,1.0,0.294,12,23.4,49.5,26.2
all days,2026,LZ_WEST,262,858.0,1.52,0.274,18,36.3,56.6,20.3
excl Winter Storm Uri,2021,LZ_HOUSTON,354,974.0,1.08,0.358,39,-1.7,42.7,44.5
excl Winter Storm Uri,2021,LZ_NORTH,354,835.0,1.09,0.296,33,-1.3,43.2,44.5
excl Winter Storm Uri,2021,LZ_SOUTH,354,869.0,1.16,0.294,35,-1.7,42.0,43.7
excl Winter Storm Uri,2021,LZ_WEST,354,931.0,1.27,0.283,40,0.5,43.0,42.5
excl Winter Storm Uri,2022,LZ_HOUSTON,365,1934.0,1.72,0.393,64,17.7,116.9,99.2
excl Winter Storm Uri,2022,LZ_NORTH,365,1575.0,1.52,0.452,44,29.6,119.1,89.5
excl Winter Storm Uri,2022,LZ_SOUTH,365,1478.0,1.52,0.363,52,12.3,99.8,87.5
excl Winter Storm Uri,2022,LZ_WEST,365,1913.0,2.14,0.372,67,35.0,120.7,85.7
excl Winter Storm Uri,2023,LZ_HOUSTON,365,2282.0,1.41,0.483,50,203.1,255.9,52.8
excl Winter Storm Uri,2023,LZ_NORTH,365,2277.0,1.31,0.49,47,216.4,266.0,49.5
excl Winter Storm Uri,2023,LZ_SOUTH,365,1927.0,1.46,0.488,51,156.1,205.3,49.1
excl Winter Storm Uri,2023,LZ_WEST,365,2818.0,2.65,0.391,78,225.6,272.9,47.3
excl Winter Storm Uri,2024,LZ_HOUSTON,366,790.0,1.12,0.345,18,32.3,55.9,23.6
excl Winter Storm Uri,2024,LZ_NORTH,366,831.0,1.18,0.342,20,36.9,58.9,22.1
excl Winter Storm Uri,2024,LZ_SOUTH,366,958.0,1.27,0.329,27,32.5,61.1,28.6
excl Winter Storm Uri,2024,LZ_WEST,366,1192.0,2.18,0.246,43,49.8,69.7,19.9
excl Winter Storm Uri,2025,LZ_HOUSTON,365,653.0,1.28,0.161,13,30.1,57.4,27.3
excl Winter Storm Uri,2025,LZ_NORTH,365,736.0,1.39,0.192,17,35.1,59.0,23.9
excl Winter Storm Uri,2025,LZ_SOUTH,365,689.0,1.29,0.187,16,26.6,52.4,25.8
excl Winter Storm Uri,2025,LZ_WEST,365,979.0,2.16,0.156,22,42.1,64.6,22.5
excl Winter Storm Uri,2026,LZ_HOUSTON,262,599.0,1.05,0.261,15,25.0,54.8,29.7
excl Winter Storm Uri,2026,LZ_NORTH,262,805.0,1.19,0.332,20,40.6,65.1,24.5
excl Winter Storm Uri,2026,LZ_SOUTH,262,607.0,1.0,0.294,12,23.4,49.5,26.2
excl Winter Storm Uri,2026,LZ_WEST,262,858.0,1.52,0.274,18,36.3,56.6,20.3
