hour_ending,mcpc_mean,mcpc_sum,share_of_value,mcpc_mean_jun_sep
1,4.06,1173.97,0.04,3.1
2,3.49,1009.83,0.04,2.7
3,2.8,804.98,0.03,2.2
4,2.5,721.73,0.02,1.9
5,2.61,753.55,0.03,1.9
6,3.05,880.5,0.03,2.0
7,4.09,1182.64,0.04,2.2
8,4.28,1235.65,0.04,1.6
9,3.91,1130.66,0.04,0.9
10,2.24,647.81,0.02,0.6
11,1.64,473.5,0.02,0.5
12,1.35,389.57,0.01,0.5
13,1.14,330.66,0.01,0.5
14,0.89,257.25,0.01,0.5
15,0.83,241.05,0.01,0.5
16,0.86,248.26,0.01,0.5
17,1.08,312.36,0.01,0.5
18,1.83,529.04,0.02,0.6
19,2.88,833.28,0.03,0.8
20,6.23,1799.26,0.06,4.3
21,11.72,3388.08,0.12,12.1
22,14.43,4169.11,0.15,16.5
23,12.7,3671.69,0.13,14.6
24,7.75,2241.0,0.08,7.9
