rank,date,max_price_hubavg,hour_ending,interval,evening,sced_available,evening_rank
1,2026-01-28,1281.45,8,1,False,True,
2,2026-04-24,1085.08,20,4,True,True,1.0
3,2026-03-23,935.88,22,3,True,True,2.0
4,2026-01-25,914.6,19,1,True,True,3.0
5,2026-04-27,784.31,22,2,True,True,4.0
6,2026-08-26,780.68,23,2,True,False,5.0
7,2026-08-23,560.12,22,1,True,False,6.0
8,2026-01-20,457.96,9,1,False,True,
9,2026-09-02,457.68,21,1,True,False,7.0
10,2026-09-16,426.18,21,1,True,False,8.0
11,2026-01-26,404.08,5,4,False,True,
12,2026-01-31,372.44,22,1,True,True,9.0
13,2026-08-17,370.11,21,2,True,False,10.0
14,2026-07-22,349.05,23,1,True,True,11.0
15,2026-01-24,326.27,18,4,True,True,12.0
16,2026-04-11,306.65,24,1,True,True,13.0
17,2026-01-27,282.74,22,1,True,True,14.0
18,2026-09-08,280.8,22,2,True,False,15.0
19,2026-08-22,280.09,24,2,True,False,16.0
20,2026-02-01,246.22,5,3,False,True,
21,2026-03-16,220.87,21,2,True,True,17.0
22,2026-05-26,218.44,23,1,True,True,18.0
23,2026-06-06,210.72,22,3,True,True,19.0
24,2026-07-21,204.54,20,4,True,True,20.0
25,2026-04-20,197.18,9,3,False,True,
26,2026-09-17,194.45,19,4,True,False,21.0
27,2026-08-30,192.86,20,3,True,False,22.0
28,2026-04-08,182.57,22,1,True,True,23.0
29,2026-09-01,174.87,21,1,True,False,24.0
30,2026-07-20,155.77,21,2,True,True,25.0
31,2026-04-19,149.64,8,1,False,True,
32,2026-03-24,148.54,8,1,False,True,
33,2026-08-18,131.66,20,4,True,False,26.0
34,2026-04-09,131.39,21,2,True,True,27.0
35,2026-04-12,131.31,1,4,False,True,
36,2026-03-07,128.59,23,1,True,True,28.0
37,2026-02-25,126.76,22,3,True,True,29.0
38,2026-04-28,125.89,20,2,True,True,30.0
39,2026-08-24,123.84,20,4,True,False,31.0
40,2026-04-01,123.05,8,2,False,True,
41,2026-09-06,120.65,8,1,False,False,
42,2026-05-02,119.32,8,1,False,True,
43,2026-08-13,115.21,21,1,True,False,32.0
44,2026-03-13,115.01,20,3,True,True,33.0
45,2026-06-04,111.84,22,1,True,True,34.0
46,2026-06-27,110.21,5,2,False,True,
47,2026-04-18,108.86,23,1,True,True,35.0
48,2026-04-13,105.89,21,1,True,True,36.0
49,2026-08-27,105.67,20,4,True,False,37.0
50,2026-04-25,105.23,20,4,True,True,38.0
51,2026-05-12,105.2,20,4,True,True,39.0
52,2026-09-07,103.13,21,1,True,False,40.0
53,2026-05-11,102.94,20,4,True,True,41.0
54,2026-04-15,100.63,21,2,True,True,42.0
55,2026-08-16,100.53,20,4,True,False,43.0
56,2026-07-19,97.53,20,4,True,True,44.0
57,2026-01-30,96.52,18,4,True,True,45.0
58,2026-04-06,96.2,20,4,True,True,46.0
59,2026-08-07,95.05,19,4,True,False,47.0
60,2026-02-08,93.21,21,2,True,True,48.0
61,2026-08-31,90.75,21,1,True,False,49.0
62,2026-05-28,89.93,19,4,True,True,50.0
63,2026-05-27,87.81,20,4,True,True,51.0
64,2026-05-18,87.55,22,1,True,True,52.0
65,2026-09-09,87.54,19,4,True,False,53.0
66,2026-09-19,87.32,19,3,True,False,54.0
67,2026-01-09,87.27,9,1,False,True,
68,2026-06-18,87.24,24,4,True,True,55.0
69,2026-02-24,87.11,8,1,False,True,
70,2026-08-25,85.14,19,4,True,False,56.0
71,2026-02-19,84.41,21,1,True,True,57.0
72,2026-05-13,84.33,21,1,True,True,58.0
73,2026-09-11,84.2,18,4,True,False,59.0
74,2026-07-08,83.61,22,2,True,True,60.0
75,2026-06-19,83.26,1,1,False,True,
76,2026-07-17,82.44,23,2,True,True,61.0
77,2026-08-11,82.39,22,2,True,False,62.0
78,2026-08-05,81.41,22,2,True,False,63.0
79,2026-02-20,79.62,22,1,True,True,64.0
80,2026-08-06,79.01,22,2,True,False,65.0
81,2026-08-20,78.59,20,4,True,False,66.0
82,2026-03-03,77.95,19,2,True,True,67.0
83,2026-06-15,77.85,20,3,True,True,68.0
84,2026-08-08,77.2,18,3,True,False,69.0
85,2026-03-14,77.06,8,2,False,True,
86,2026-06-22,76.71,20,4,True,True,70.0
87,2026-08-28,75.72,8,1,False,False,
88,2026-05-19,75.28,19,4,True,True,71.0
89,2026-02-06,74.89,18,4,True,True,72.0
90,2026-04-29,74.66,18,4,True,True,73.0
91,2026-07-23,74.49,1,1,False,True,
92,2026-07-31,74.46,20,4,True,False,74.0
93,2026-06-05,73.71,17,3,True,True,75.0
94,2026-09-12,73.44,22,1,True,False,76.0
95,2026-03-30,71.62,23,1,True,True,77.0
96,2026-08-04,71.3,22,1,True,False,78.0
97,2026-08-19,70.89,19,4,True,False,79.0
98,2026-05-21,69.87,10,2,False,True,
99,2026-06-14,68.07,21,4,True,True,80.0
100,2026-01-17,67.7,22,3,True,True,81.0
101,2026-02-09,67.64,20,2,True,True,82.0
102,2026-04-21,67.57,6,4,False,True,
103,2026-09-10,67.38,17,4,True,False,83.0
104,2026-08-09,66.94,22,1,True,False,84.0
105,2026-04-07,66.45,23,1,True,True,85.0
106,2026-01-29,66.3,21,4,True,True,86.0
107,2026-07-01,66.13,23,1,True,True,87.0
108,2026-09-15,65.84,19,3,True,False,88.0
109,2026-01-03,65.44,21,1,True,True,89.0
110,2026-01-22,65.35,18,4,True,True,90.0
111,2026-06-11,64.95,22,1,True,True,91.0
112,2026-05-14,64.53,23,1,True,True,92.0
113,2026-02-26,63.69,18,4,True,True,93.0
114,2026-03-04,62.86,18,4,True,True,94.0
115,2026-09-18,62.67,19,4,True,False,95.0
116,2026-09-05,62.4,18,4,True,False,96.0
117,2026-04-30,62.21,10,1,False,True,
118,2026-07-04,61.98,22,1,True,True,97.0
119,2026-08-12,61.89,20,4,True,False,98.0
120,2026-05-05,61.69,20,4,True,True,99.0
121,2026-08-02,60.58,19,4,True,False,100.0
122,2026-03-08,60.04,1,2,False,True,
123,2026-07-14,59.97,24,2,True,True,101.0
124,2026-07-05,59.94,18,3,True,True,102.0
125,2026-06-01,59.47,1,3,False,True,
126,2026-07-30,58.8,20,4,True,False,103.0
127,2026-03-02,58.8,8,1,False,True,
128,2026-02-04,58.79,23,3,True,True,104.0
129,2026-08-29,58.45,21,1,True,False,105.0
130,2026-06-07,58.2,20,4,True,True,106.0
131,2026-03-09,58.15,21,2,True,True,107.0
132,2026-08-01,57.98,21,2,True,False,108.0
133,2026-05-31,57.84,22,3,True,True,109.0
134,2026-02-22,57.63,8,1,False,True,
135,2026-07-06,57.57,23,1,True,True,110.0
136,2026-02-05,57.4,18,4,True,True,111.0
137,2026-03-18,57.11,19,4,True,True,112.0
138,2026-05-08,56.76,23,4,True,True,113.0
139,2026-04-05,56.68,20,4,True,True,114.0
140,2026-07-28,56.4,20,4,True,True,115.0
141,2026-07-29,56.34,20,4,True,False,116.0
142,2026-01-06,55.84,19,4,True,True,117.0
143,2026-05-01,55.83,24,1,True,True,118.0
144,2026-05-25,55.55,23,1,True,True,119.0
145,2026-06-16,55.0,8,1,False,True,
146,2026-04-10,54.68,19,4,True,True,120.0
147,2026-04-22,54.48,21,3,True,True,121.0
148,2026-09-13,53.8,19,4,True,False,122.0
149,2026-04-02,53.57,1,1,False,True,
150,2026-04-04,53.12,20,4,True,True,123.0
151,2026-07-10,52.98,23,1,True,True,124.0
152,2026-08-21,52.68,19,4,True,False,125.0
153,2026-05-09,52.05,20,3,True,True,126.0
154,2026-04-14,51.76,19,4,True,True,127.0
155,2026-01-08,51.44,22,3,True,True,128.0
156,2026-02-13,51.4,8,3,False,True,
157,2026-04-03,51.26,19,4,True,True,129.0
158,2026-06-24,51.09,20,4,True,True,130.0
159,2026-01-21,50.66,18,4,True,True,131.0
160,2026-05-20,50.62,20,2,True,True,132.0
161,2026-01-11,50.43,18,4,True,True,133.0
162,2026-01-18,50.27,18,4,True,True,134.0
163,2026-05-07,50.21,19,3,True,True,135.0
164,2026-07-09,50.0,23,1,True,True,136.0
165,2026-09-03,49.38,16,1,False,False,
166,2026-06-03,49.36,20,4,True,True,137.0
167,2026-02-15,49.33,18,4,True,True,138.0
168,2026-02-02,49.05,8,2,False,True,
169,2026-02-12,48.94,20,2,True,True,139.0
170,2026-01-19,48.49,22,4,True,True,140.0
171,2026-06-02,48.43,17,2,True,True,141.0
172,2026-06-12,48.42,13,4,False,True,
173,2026-03-10,48.42,9,1,False,True,
174,2026-01-12,48.39,8,2,False,True,
175,2026-02-03,48.28,19,1,True,True,142.0
176,2026-02-27,48.08,18,4,True,True,143.0
177,2026-03-22,47.56,20,3,True,True,144.0
178,2026-05-06,47.46,17,2,True,True,145.0
179,2026-05-24,47.41,21,1,True,True,146.0
180,2026-07-16,47.19,17,3,True,True,147.0
181,2026-07-25,46.14,22,1,True,True,148.0
182,2026-07-11,46.04,20,4,True,True,149.0
183,2026-07-07,45.95,20,4,True,True,150.0
184,2026-07-15,45.84,1,1,False,True,
185,2026-03-19,44.91,19,4,True,True,151.0
186,2026-01-23,44.6,6,4,False,True,
187,2026-01-15,44.28,2,2,False,True,
188,2026-08-15,43.17,20,4,True,False,152.0
189,2026-03-25,43.15,21,1,True,True,153.0
190,2026-07-26,43.02,20,4,True,True,154.0
191,2026-03-01,43.02,19,4,True,True,155.0
192,2026-02-28,42.9,18,4,True,True,156.0
193,2026-03-17,42.58,4,4,False,True,
194,2026-02-11,42.47,18,4,True,True,157.0
195,2026-01-04,42.32,17,4,True,True,158.0
196,2026-09-04,42.24,15,2,False,False,
197,2026-06-23,42.24,19,4,True,True,159.0
198,2026-07-18,42.06,24,1,True,True,160.0
199,2026-01-05,41.97,20,2,True,True,161.0
200,2026-03-15,41.94,19,4,True,True,162.0
201,2026-05-29,41.5,17,2,True,True,163.0
202,2026-07-27,41.24,20,4,True,True,164.0
203,2026-02-07,41.22,18,4,True,True,165.0
204,2026-05-22,41.11,23,1,True,True,166.0
205,2026-07-13,41.01,4,3,False,True,
206,2026-01-07,40.46,17,4,True,True,167.0
207,2026-06-08,40.12,20,3,True,True,168.0
208,2026-05-17,40.11,23,1,True,True,169.0
209,2026-03-28,40.08,6,4,False,True,
210,2026-06-21,39.92,20,4,True,True,170.0
211,2026-07-12,39.66,24,1,True,True,171.0
212,2026-09-14,39.64,20,3,True,False,172.0
213,2026-05-30,39.6,20,4,True,True,173.0
214,2026-03-20,39.18,19,4,True,True,174.0
215,2026-01-10,38.85,18,4,True,True,175.0
216,2026-06-09,38.63,21,3,True,True,176.0
217,2026-01-14,38.53,23,3,True,True,177.0
218,2026-06-17,38.53,22,1,True,True,178.0
219,2026-04-23,38.51,20,3,True,True,179.0
220,2026-07-03,38.01,21,2,True,True,180.0
221,2026-06-20,37.65,2,1,False,True,
222,2026-01-16,37.63,18,4,True,True,181.0
223,2026-02-21,37.49,19,3,True,True,182.0
224,2026-06-28,37.32,20,4,True,True,183.0
225,2026-06-30,37.18,21,2,True,True,184.0
226,2026-06-13,37.13,20,4,True,True,185.0
227,2026-08-03,36.83,20,4,True,False,186.0
228,2026-03-21,36.65,19,4,True,True,187.0
229,2026-07-24,36.43,1,4,False,True,
230,2026-04-16,36.43,19,3,True,True,188.0
231,2026-05-10,35.97,22,2,True,True,189.0
232,2026-03-31,35.77,24,1,True,True,190.0
233,2026-06-26,35.27,20,4,True,True,191.0
234,2026-02-14,34.99,10,2,False,True,
235,2026-07-02,34.66,19,3,True,True,192.0
236,2026-02-10,34.64,11,1,False,True,
237,2026-05-23,34.58,19,4,True,True,193.0
238,2026-06-10,34.4,21,3,True,True,194.0
239,2026-04-26,34.16,9,1,False,True,
240,2026-05-04,33.97,22,4,True,True,195.0
241,2026-01-13,33.94,9,1,False,True,
242,2026-03-26,33.77,22,2,True,True,196.0
243,2026-03-12,32.83,6,3,False,True,
244,2026-03-06,32.28,19,4,True,True,197.0
245,2026-08-10,31.93,1,2,False,False,
246,2026-08-14,31.27,20,4,True,False,198.0
247,2026-06-25,31.01,21,2,True,True,199.0
248,2026-06-29,30.96,22,1,True,True,200.0
249,2026-05-03,30.69,22,1,True,True,201.0
250,2026-04-17,29.86,19,4,True,True,202.0
251,2026-05-15,29.71,24,3,True,True,203.0
252,2026-02-23,29.13,18,4,True,True,204.0
253,2026-03-11,26.45,1,1,False,True,
254,2026-02-16,25.79,18,4,True,True,205.0
255,2026-01-01,25.48,5,4,False,True,
256,2026-01-02,25.31,17,4,True,True,206.0
257,2026-03-27,25.26,19,4,True,True,207.0
258,2026-02-18,24.84,9,2,False,True,
259,2026-05-16,23.81,20,3,True,True,208.0
260,2026-02-17,22.79,21,2,True,True,209.0
261,2026-03-05,22.49,7,2,False,True,
262,2026-03-29,21.65,20,3,True,True,210.0
