date,hour_ending,price_avg,price_max,dis_mw_avg,soc_mwh_avg,soc_pct_avg,as_up_mw_avg
2026-01-24,17,214.475,289.12,219.684,24736.711,0.896,6652.213
2026-01-24,18,277.17,326.27,396.922,24704.433,0.896,6229.292
2026-01-24,19,230.445,262.39,381.2,24624.535,0.893,6095.055
2026-01-24,20,180.008,183.14,378.817,24374.979,0.894,5670.397
2026-01-24,21,140.26,150.67,424.922,24130.546,0.886,5335.35
2026-01-24,22,154.075,163.31,103.822,24089.874,0.886,5285.607
2026-01-24,23,115.31,126.4,158.184,24430.253,0.899,5343.099
2026-01-24,24,108.7,114.02,48.14,24730.773,0.911,5279.287
2026-01-25,17,174.861,198.73,161.789,25595.01,0.923,7028.334
2026-01-25,18,268.358,337.81,1095.952,25437.187,0.917,6913.866
2026-01-25,19,798.758,914.6,1222.937,24232.131,0.874,6339.849
2026-01-25,20,609.17,642.47,1103.135,23136.901,0.837,6121.635
2026-01-25,21,717.886,749.35,1054.593,22061.961,0.799,5768.953
2026-01-25,22,754.798,818.35,377.916,21474.852,0.78,5835.213
2026-01-25,23,517.178,568.0,195.01,21870.328,0.801,6372.689
2026-01-25,24,427.861,457.86,211.934,22717.752,0.832,6499.526
2026-01-31,17,27.537,41.59,247.466,24537.26,0.915,6357.835
2026-01-31,18,81.771,122.51,2103.173,23971.399,0.894,5808.437
2026-01-31,19,124.92,130.45,5521.945,19268.347,0.72,4623.275
2026-01-31,20,187.922,270.7,4478.959,14115.747,0.528,4227.706
2026-01-31,21,334.442,356.35,3301.103,10121.673,0.379,3770.556
2026-01-31,22,206.415,372.44,1409.934,7947.511,0.298,3608.746
2026-01-31,23,98.975,107.05,1105.981,7310.124,0.273,3431.008
2026-01-31,24,107.108,110.9,552.517,7163.941,0.268,3419.683
2026-03-23,17,27.575,28.54,248.167,26737.776,0.896,5856.737
2026-03-23,18,30.432,36.65,197.252,27061.735,0.894,5917.991
2026-03-23,19,98.75,145.48,1943.556,26244.071,0.892,5495.952
2026-03-23,20,185.635,221.05,8066.735,20870.091,0.721,4681.14
2026-03-23,21,295.192,413.42,8107.855,11915.914,0.41,3761.38
2026-03-23,22,895.98,935.88,3668.954,5519.362,0.189,2642.971
2026-03-23,23,323.365,610.05,808.771,3497.031,0.121,2346.744
2026-03-23,24,84.872,105.73,405.883,3584.452,0.125,2174.124
2026-04-11,17,13.774,19.36,382.604,25788.486,0.862,6665.387
2026-04-11,18,22.001,29.53,384.334,26172.076,0.879,6227.833
2026-04-11,19,51.799,57.13,2026.373,24946.982,0.855,5576.96
2026-04-11,20,55.325,57.18,3900.802,21714.337,0.748,4831.892
2026-04-11,21,59.012,65.36,4961.562,17169.138,0.59,4060.928
2026-04-11,22,62.308,64.41,4530.231,12256.848,0.422,3432.08
2026-04-11,23,100.022,154.5,3663.891,7981.352,0.275,2953.016
2026-04-11,24,207.535,306.65,1577.475,5103.285,0.177,2617.977
2026-04-24,17,85.845,94.01,136.189,26951.958,0.866,7141.071
2026-04-24,18,54.422,63.33,98.869,27218.735,0.873,6890.307
2026-04-24,19,195.645,329.78,1416.73,27166.244,0.86,6377.047
2026-04-24,20,612.262,1085.08,7909.386,22659.454,0.725,5354.28
2026-04-24,21,604.395,959.57,7783.999,13702.249,0.441,4078.69
2026-04-24,22,240.585,344.2,4388.687,7210.971,0.232,2919.686
2026-04-24,23,172.483,259.03,1434.941,4169.939,0.135,2773.054
2026-04-24,24,38.328,44.6,412.887,4084.246,0.134,2463.145
2026-04-27,17,50.762,59.87,201.568,27026.426,0.892,7158.76
2026-04-27,18,77.03,104.66,232.938,27144.126,0.892,6918.133
2026-04-27,19,263.715,459.54,968.507,26877.264,0.883,6612.103
2026-04-27,20,417.79,553.23,5287.268,24074.18,0.792,5729.164
2026-04-27,21,512.692,528.84,8062.813,16579.642,0.549,4377.506
2026-04-27,22,685.078,784.31,5876.882,8968.829,0.3,3388.999
2026-04-27,23,203.342,456.34,1394.14,5170.66,0.174,2743.214
2026-04-27,24,34.387,44.15,346.165,5132.282,0.174,2379.21
2026-07-22,17,44.978,54.25,147.072,31703.689,0.905,6961.094
2026-07-22,18,47.748,52.18,52.825,31950.897,0.912,7116.646
2026-07-22,19,95.38,143.4,828.837,32373.847,0.912,7411.122
2026-07-22,20,135.968,167.79,6822.561,30027.152,0.828,6762.836
2026-07-22,21,151.755,163.96,11410.567,19843.667,0.548,5371.265
2026-07-22,22,208.85,252.56,7579.584,9306.359,0.262,4066.28
2026-07-22,23,197.528,349.05,2387.753,4507.846,0.128,2935.595
2026-07-22,24,66.64,78.26,549.803,3524.212,0.102,2606.545
